Video ID,Title,Views,Likes,Comments,Category ID
V9zWygHc18M,2 STOPPAGE-TIME GOALS ‚ÄºÔ∏è BIG COMEBACK üò± Atletico Madrid vs. Barcelona | LALIGA Highlights | ESPN FC,763965,14664,1411,17
v7TAEhveCPk,BARCELONA logr√≥ REMONTADA MEMORABLE 4-2 ante ATL√âTICO DE MADRID y demuestra QUI√âN MANDA en La Liga,3581182,70318,4465,17
W1KmmQ3PJmA,Bunco Night FULL VIDEO,335618,23407,2126,24
md9-jG4RzXs,Race Highlights | 2025 Australian Grand Prix,8665797,207449,8752,17
jCx8CpIO5ig,My First Time Playing R.E.P.O,1286696,74072,2279,20
VcRc2DHHhoM,Playboi Carti - EVIL J0RDAN (Official Music Video),1118945,165814,13138,10
KxGXgdNcQrE,Rest In Peace P2isthename üíîüïäÔ∏è,288925,34051,2852,24
c1bUn306jBs,Atlanta United vs. Inter Miami | Full Match Highlights | Revenge Match!,924999,27870,1225,17
IQJL3htsDyQ,Can You Fool A Self Driving Car?,10895014,415468,14519,28
X1S05ZClQj4,I Tried The Best Street Food In America,1008196,29779,1489,26
D4WvdvGP6m4,We Need to Talk,250220,14034,1278,22
5yXElqUjEHU,Minecraft but I battle the TRIDENTS of PVP CIVILIZATION,434777,24101,2619,20
e9p9_GrPqAY,Surviving the Tornado ‚Äì March 14 2025 Disaster in the Missouri Ozarks,366360,9125,902,22
qDKjrKw_0pY,FIXING MY FLOODED GT3RS BEFORE PORSCHE INSPECT IT,1601369,80331,3028,24
3G5kjStPdP0,Jimmy Butler Just Exposed The NBA,492987,12586,1694,17
uLjGazIxjEA,The Truth About Dash Cams!,900953,56256,6976,26
GxRhiRvlgzM,Aryna Sabalenka vs. Mirra Andreeva | 2025 Indian Wells Final | WTA Match Highlights,379662,6600,1357,17
0XFNlWT0nSU,attachment issues,405849,27229,1440,24
y-34-bAKgU8,I Tried Every Train in Japan,3700168,131836,8270,24
_qssZAbaYkA,NASA's SpaceX Crew-10 Docks With the ISS: All the Highlights in 13 Minutes,993342,13340,3069,28
